# lattice Dirac fermion (staggered mass), N=1200, periodic, half filling
l,c_m0.0,S_m0.0,c_m0.05,S_m0.05,c_m0.1,S_m0.1,c_m0.2,S_m0.2
4,1.124732279,1.1868113,1.043926209,1.16796231,0.9314757188,1.137158432,0.7191543789,1.066816451
6,1.044482118,1.322802933,0.909362727,1.289518533,0.7443176408,1.239970153,0.4781505753,1.137205759
8,1.023501436,1.418918437,0.8325065654,1.370042916,0.6246124426,1.302562352,0.3343309199,1.173072135
10,1.014588161,1.493386505,0.7685147083,1.428269627,0.527979642,1.344072227,0.2352413141,1.192927579
12,1.009852147,1.554196859,0.7105984987,1.472511543,0.4466351641,1.372959638,0.1654280406,1.204437643
14,1.006986265,1.6055923,0.6570041283,1.507225016,0.3775242063,1.393698356,0.1160866991,1.211308473
16,1.005084474,1.650100312,0.607100858,1.535083365,0.3187220981,1.408914324,0.08126070001,1.215493519
18,1.00372728,1.689349339,0.5605825718,1.557816754,0.2687332311,1.420258531,0.05674262682,1.218080198
20,1.002697902,1.724450481,0.5172464739,1.576608,0.2263013973,1.428820489,0.03953004342,1.219696677
22,1.001874897,1.756195866,0.4769228058,1.592299852,0.1903444125,1.435345291,0.02747943531,1.220715534
24,1.001185849,1.785170172,0.4394517425,1.605512413,0.1599241434,1.440356514,0.01906454264,1.221362097
26,1.000585369,1.811817302,0.404676437,1.616713838,0.1342276828,1.444229966,0.01320246187,1.221774675
28,1.000043819,1.836482242,0.3724417535,1.62626505,0.1125524983,1.447239985,0.009127667807,1.222039146
30,0.9995411717,1.859438436,0.3425948979,1.63444916,0.09429339905,1.449589608,0.006300886056,1.222209326
32,0.9990634974,1.880906294,0.3149865284,1.64149149,0.07893071302,1.451430803,0.004343452496,1.222319186
34,0.9986008603,1.901066082,0.2894718267,1.647573598,0.06601952641,1.452878388,0.002990264134,1.222390303
36,0.9981460181,1.920067112,0.265911362,1.652843327,0.05517995424,1.454019804,0.002056219746,1.222436451
38,0.9976935893,1.938034453,0.2441717155,1.657422167,0.04608842139,1.45492209,0.00141239136,1.222466459
40,0.997239507,1.955073905,0.2241258886,1.661410755,0.0384699164,1.455636942,0.0009691750653,1.222486009
42,0.9967806503,1.97127577,0.2056535263,1.66489303,0.03209116221,1.456204421,0.0006644214331,1.222498765
44,0.9963145915,1.986717735,0.1886409963,1.667939439,0.02675463501,1.456655709,0.0004551019523,1.222507101
46,0.9958394183,2.001467121,0.1729813548,1.670609424,0.02229335534,1.457015167,0.0003114756219,1.222512556
48,0.9953536073,2.015582646,0.1585742271,1.672953391,0.01856637378,1.457301893,0.0002130167983,1.22251613
50,0.9948559321,2.029115832,0.145325626,1.675014264,0.01545487476,1.4575309,0.0001455794376,1.222518473
52,0.9943453961,2.042112137,0.1331477256,1.676828741,0.01285882615,1.457714023,9.942658593e-05,1.222520012
54,0.9938211817,2.054611868,0.1219586051,1.678428308,0.01069410731,1.457860613,6.786400313e-05,1.222521023
56,0.993282613,2.066650932,0.1116819725,1.679840065,0.008890054019,1.457978075,4.629429888e-05,1.222521688
58,0.9927291262,2.078261454,0.1022468781,1.681087403,0.007387365214,1.458072281,3.156326214e-05,1.222522125
60,0.9921602483,2.089472291,0.09358742419,1.682190567,0.006136322127,1.458147899,2.150881693e-05,1.222522413
62,0.9915755788,2.10030946,0.08564247433,1.683167123,0.005095276149,1.458208644,1.465021625e-05,1.222522603
64,0.9909747769,2.110796497,0.07835536798,1.684032341,0.004229367484,1.458257475,9.974163564e-06,1.222522728
66,0.9903575502,2.120954768,0.071673642,1.684799527,0.003509440831,1.458296756,6.787720321e-06,1.222522811
68,0.9897236467,2.13080372,0.06554876145,1.685480293,0.002911129464,1.458328373,4.617399066e-06,1.222522865
70,0.9890728475,2.140361114,0.05993586082,1.686084796,0.002414082635,1.458353837,3.139827971e-06,1.222522901
72,0.9884049614,2.149643203,0.05479349688,1.686621929,0.002001314481,1.458374355,2.134306268e-06,1.222522925
74,0.9877198205,2.158664909,0.05008341348,1.687099491,0.001658656293,1.458390898,1.450313831e-06,1.222522941
76,0.9870172764,2.167439957,0.04577031866,1.687524333,0.001374296022,1.458404241,9.851987333e-07,1.222522951
78,0.9862971973,2.175981002,0.04182167412,1.687902479,0.001138391614,1.458415008,6.690391321e-07,1.222522958
80,0.985559465,2.184299738,0.03820749691,1.688239233,0.000942746765,1.458423701,4.542033283e-07,1.222522963
82,0.9848039737,2.192406993,0.03490017288,1.688539271,0.0007805389399,1.458430721,3.082663175e-07,1.222522966
84,0.9840306274,2.200312811,0.03187428206,1.688806716,0.0006460918023,1.458436393,2.09165431e-07,1.222522968
86,0.983239339,2.208026527,0.02910643502,1.689045212,0.0005346847612,1.458440976,1.41887967e-07,1.222522969
88,0.9824300286,2.215556831,0.02657512005,1.689257978,0.0004423936282,1.458444682,9.623614439e-08,1.22252297
90,0.9816026231,2.22291183,0.02426056051,1.689447865,0.0003659576413,1.458447679,6.525815888e-08,1.22252297
92,0.9807570545,2.230099092,0.02214458216,1.689617394,0.0003026682389,1.458450104,4.421684485e-08,1.222522971
94,0.97989326,2.2371257,0.02021048941,1.689768801,0.0002502764845,1.458452066,2.99695625e-08,1.222522971
96,0.9790111806,2.243998288,0.01844295049,1.689904068,0.0002069156784,1.458453654,2.033566915e-08,1.222522971
98,0.978110761,2.250723078,0.01682789099,1.690024953,0.0001710368135,1.45845494,1.376491454e-08,1.222522971
100,0.977191949,2.257305917,0.01535239475,1.690133018,0.000141355023,1.458455981,9.333467332e-09,1.222522971
102,0.9762546952,2.263752304,0.01400461234,1.690229651,0.0001168048401,1.458456824,6.329782698e-09,1.222522971
104,0.9752989523,2.270067416,0.01277367616,1.690316085,9.650303365e-05,1.458457508,4.27687219e-09,1.222522972
106,0.9743246751,2.276256137,0.01164962196,1.690393417,7.971754055e-05,1.458458062,2.910251706e-09,1.222522972
108,0.9733318202,2.282323073,0.0106233163,1.690462621,6.584178895e-05,1.45845851,1.962086493e-09,1.222522972
110,0.9723203456,2.288272579,0.009686389395,1.690524569,5.437335854e-05,1.458458874,1.343437028e-09,1.222522972
112,0.9712902108,2.294108774,0.008831173342,1.690580032,4.489620768e-05,1.45845917,9.210792129e-10,1.222522972
114,0.9702413761,2.299835557,0.008050644853,1.690629702,3.706588726e-05,1.458459409,6.160951749e-10,1.222522972
116,0.969173803,2.305456626,0.007338372711,1.690674192,3.059717923e-05,1.458459603,4.166480494e-10,1.222522972
118,0.9680874536,2.310975486,0.006688469198,1.690714051,2.525414723e-05,1.458459761,2.799277476e-10,1.222522972
120,0.966982291,2.316395467,0.006095545229,1.690749768,2.084159785e-05,1.458459888,2.161670842e-10,1.222522972
122,0.9658582786,2.321719734,0.005554669249,1.690781779,1.71979263e-05,1.458459992,1.471972544e-10,1.222522972
124,0.9647153801,2.326951296,0.005061329339,1.690810474,1.418960629e-05,1.458460076,8.631761972e-11,1.222522972
126,0.96355356,2.332093018,0.004611398384,1.690836202,1.170622246e-05,1.458460145,6.926559326e-11,1.222522972
128,0.962372783,2.33714763,0.004201101817,1.690859272,9.656367588e-06,1.4584602,5.322675634e-11,1.222522972
130,0.9611730137,2.342117734,0.003826988282,1.690879963,7.964612271e-06,1.458460245,3.124001058e-11,1.222522972
132,0.9599542171,2.347005814,0.003485902551,1.690898523,6.56858042e-06,1.458460282,3.34792194e-11,1.222522972
134,0.9587163583,2.351814241,0.003174960429,1.690915175,5.416683555e-06,1.458460312,4.632694228e-11,1.222522972
136,0.9574594026,2.356545281,0.002891526186,1.690930115,4.466327023e-06,1.458460336,3.354250211e-11,1.222522972
138,0.9561833149,2.361201098,0.002633191417,1.690943523,3.682370651e-06,1.458460355,2.486610917e-11,1.222522972
140,0.9548880603,2.365783767,0.002397755704,1.690955557,3.035733598e-06,1.458460371,2.4900082e-11,1.222522972
142,0.9535736039,2.37029527,0.002183209127,1.690966359,2.502394143e-06,1.458460384,1.151645446e-11,1.222522972
144,0.9522399106,2.374737509,0.001987715989,1.690976056,2.062653432e-06,1.458460395,-3.261391157e-12,1.222522972
146,0.9508869451,2.379112306,0.001809599892,1.690984763,1.700034907e-06,1.458460403,7.318479156e-12,1.222522972
148,0.9495146719,2.383421409,0.001647330244,1.690992582,1.400955699e-06,1.45846041,2.920663711e-11,1.222522972
150,0.9481230554,2.387666493,0.001499509815,1.690999604,1.154431825e-06,1.458460416,2.782774011e-11,1.222522972
152,0.9467120598,2.391849169,0.001364862947,1.691005911,9.512515322e-07,1.458460421,2.738875793e-11,1.222522972
154,0.9452816489,2.395970984,0.001242225576,1.691011577,7.837550952e-07,1.458460424,2.036304458e-11,1.222522972
156,0.9438317862,2.400033426,0.001130535447,1.691016666,6.456974795e-07,1.458460427,-1.636690783e-11,1.222522972
158,0.9423624351,2.404037923,0.001028823126,1.691021239,5.31939666e-07,1.45846043,2.228650597e-11,1.222522972
160,0.9408735587,2.407985851,0.0009362042567,1.691025348,4.381637453e-07,1.458460432,5.726086272e-11,1.222522972
162,0.9393651195,2.411878536,0.0008518721168,1.691029041,3.608977637e-07,1.458460434,-2.428057755e-12,1.222522972
164,0.9378370798,2.415717251,0.000775090812,1.69103236,2.972343751e-07,1.458460435,2.594591209e-12,1.222522972
166,0.9362894016,2.419503227,0.0007051892456,1.691035343,2.447889258e-07,1.458460436,3.599320841e-11,1.222522972
168,0.9347220465,2.423237648,0.0006415553617,1.691038024,2.015692133e-07,1.458460437,1.821343076e-11,1.222522972
170,0.9331349757,2.426921656,0.0005836310511,1.691040434,1.660324978e-07,1.458460438,2.004396649e-11,1.222522972
172,0.9315281499,2.430556354,0.000530907757,1.691042601,1.367352278e-07,1.458460438,6.315947765e-11,1.222522972
174,0.9299015296,2.434142805,0.0004829214624,1.69104455,1.125131708e-07,1.458460439,8.316347611e-12,1.222522972
176,0.9282550747,2.437682036,0.0004392492346,1.691046302,9.267212064e-08,1.458460439,-2.280309275e-11,1.222522972
178,0.9265887446,2.44117504,0.0003995059401,1.691047878,7.630745735e-08,1.458460439,5.29423172e-11,1.222522972
180,0.9249024987,2.444622776,0.0003633402067,1.691049295,6.280054476e-08,1.45846044,5.905276268e-12,1.222522972
182,0.9231962953,2.44802617,0.0003304319699,1.691050569,5.167654138e-08,1.45846044,2.906641594e-11,1.222522972
184,0.9214700927,2.451386119,0.0003004897542,1.691051715,4.258138109e-08,1.45846044,8.729950096e-11,1.222522972
186,0.9197238486,2.454703489,0.000273247564,1.691052746,3.504326029e-08,1.45846044,2.298361501e-11,1.222522972
188,0.9179575203,2.457979121,0.0002484634582,1.691053674,2.882140926e-08,1.45846044,-7.827072324e-13,1.222522972
190,0.9161710643,2.461213826,0.0002259169187,1.691054509,2.3755381e-08,1.45846044,2.923661313e-11,1.222522972
192,0.9143644371,2.464408392,0.0002054068794,1.691055259,1.953960194e-08,1.45846044,5.579536833e-11,1.222522972
194,0.9125375943,2.467563579,0.000186750698,1.691055935,1.607271782e-08,1.45846044,-4.523048602e-13,1.222522972
196,0.9106904911,2.470680128,0.0001697815859,1.691056543,1.326368615e-08,1.458460441,5.907940803e-12,1.222522972
198,0.9088230823,2.473758753,0.0001543475994,1.69105709,1.085907164e-08,1.458460441,1.086151169e-10,1.222522972
200,0.9069353221,2.476800149,0.000140310671,1.691057582,8.940481688e-09,1.458460441,3.030908857e-11,1.222522972
