# D(rho_l(m) || sigma_l(0)) for fermionic Gaussian states
l,D_m0.05,D_m0.1,D_m0.2
4,0.02478621534,0.07196793908,0.1967176016
6,0.04757307149,0.1359120524,0.3671656976
8,0.07505559127,0.2128866652,0.574912617
10,0.1067815562,0.3020890709,0.8198607825
12,0.1424654961,0.403117665,1.102438067
14,0.1819234691,0.5157925446,1.423250132
16,0.2250340516,0.6400556577,1.782920953
18,0.2717164618,0.7759184582,2.182033538
20,0.3219299235,0.9234822785,2.621308425
22,0.3753956394,1.081843704,3.09731827
24,0.43138669,1.248266704,3.599241512
26,0.4900893615,1.423628846,4.130560361
28,0.5515565725,1.608246471,4.692464857
30,0.6155585729,1.80128448,5.281539627
32,0.6814832434,2.000364461,5.888254045
34,0.7500358937,2.208349719,6.523836792
36,0.821051384,2.424616001,7.185674169
38,0.894582851,2.649399699,7.874566943
40,0.9699795812,2.880121184,8.580183961
42,1.047370785,3.117308108,9.304547042
44,1.127159847,3.362568054,10.05383869
46,1.209139851,3.615072651,10.82466452
48,1.293349822,3.874974591,11.61758204
50,1.379982712,4.143027406,12.43538285
52,1.468088355,4.415439042,13.2631387
54,1.558294217,4.694693974,14.11054184
56,1.650634537,4.980910807,14.97796498
58,1.745243393,5.27460086,15.86727467
60,1.841910426,5.574913891,16.77516142
62,1.940264948,5.88035314,17.69566473
64,2.040931952,6.193388947,18.63846519
66,2.142968402,6.510245343,19.58866463
68,2.247120429,6.833870946,20.55777549
70,2.353403536,7.164320859,21.54617539
72,2.461497231,7.500280088,22.54838539
74,2.571210371,7.840983242,23.56159296
76,2.683447917,8.190000312,24.59959966
78,2.79661991,8.540997327,25.63772531
80,2.912948302,8.902778043,26.71017277
82,3.030802743,9.268855834,27.79178463
84,3.149072301,9.634807886,28.86542069
86,3.271350166,10.01485323,29.98593167
88,3.394283376,10.39569915,31.10212535
90,3.517896566,10.77741369,32.21407807
92,3.646716275,11.17792566,33.39110932
94,3.772941569,11.56637107,34.51489847
96,3.902389931,11.96568209,35.67254716
98,4.034008203,12.37170786,36.84851589
100,4.168580503,12.78756397,38.05513329
102,4.304179616,13.20559263,39.26272692
104,4.440978835,13.62645337,40.47364691
106,4.579572521,14.05249795,41.69709732
108,4.719551377,14.48209805,42.92685598
110,4.862211961,14.92037704,44.18266271
112,5.006330548,15.36243623,45.44510384
114,5.15078548,15.8039357,46.69897654
116,5.298222996,16.25519244,47.98196524
118,5.446091906,16.7062521,49.25786015
120,5.596983603,17.16723878,50.56398378
122,5.750676658,17.63727137,51.89695938
124,5.901025468,18.09229069,53.16782901
126,6.05648279,18.56530308,54.49793805
128,6.213890007,19.0440635,55.84348237
130,6.371794527,19.52280521,57.18214729
132,6.531423004,20.00625146,58.53071238
134,6.692454976,20.49332218,59.88728729
136,6.857340166,20.99346038,61.28526664
138,7.021322314,21.488053,62.65575255
140,7.187818356,21.99048356,64.0486292
142,7.355426092,22.49526061,65.4435027
144,7.523553011,23.00016397,66.83348109
146,7.69545802,23.51765278,68.26113812
148,7.86727753,24.03296041,69.67624654
150,8.040969695,24.55342643,71.10217036
152,8.216330747,25.07853696,72.54039579
154,8.392985218,25.60661882,73.9824442
156,8.571734512,26.14082309,75.44016701
158,8.752080122,26.67916178,76.90596886
160,8.93379537,27.22093754,78.37940747
162,9.114480178,27.75688703,79.82760048
164,9.299769837,28.30824526,81.32044227
166,9.483775405,28.8530328,82.78786801
168,9.671913902,29.41162378,84.29689544
170,9.857551194,29.95862128,85.75930563
172,10.04739548,30.51978947,87.26541297
174,10.2396533,31.08847146,88.79454491
176,10.43249866,31.65752269,90.32023928
178,10.62652259,32.22875749,91.84401068
180,10.82232904,32.80515881,93.38334298
182,11.01617589,33.37174607,94.87951251
184,11.21422413,33.95252107,96.42028743
186,11.41518742,34.54278346,97.99175746
188,11.61738178,35.13574912,99.5669431
190,11.81698291,35.71661743,101.0924873
192,12.02129257,36.31347153,102.6676857
194,12.22378185,36.90155462,104.2087762
196,12.43406673,37.51742134,105.8403712
198,12.64186613,38.12165013,107.4249003
200,12.85150639,38.73111174,109.0239591
