# 2D square lattice Laplacian spectrum, tau = inverse temperature
tau,lnZ,mean_lambda,var_lambda,S,C
0.001,-0.003998000001,3.996000002,3.999994,-1.9999985e-06,3.999994e-06
0.001035231776,-0.004138783695,3.995859075,3.99999357,-2.143407937e-06,4.286812428e-06
0.00107170483,-0.004284522218,3.995713183,3.999993109,-2.297100506e-06,4.594197055e-06
0.001109462894,-0.004435389762,3.995562151,3.999992615,-2.461813555e-06,4.923622565e-06
0.001148551242,-0.004591566631,3.995405798,3.999992085,-2.638337303e-06,5.276669385e-06
0.001189016742,-0.004753239449,3.995243936,3.999991517,-2.82751863e-06,5.655031263e-06
0.001230907914,-0.004920601388,3.995076372,3.999990909,-3.030265141e-06,6.060523396e-06
0.001274274986,-0.005093852391,3.994902904,3.999990257,-3.247549523e-06,6.495091137e-06
0.001319169956,-0.005273199409,3.994723325,3.999989559,-3.480414205e-06,6.960819326e-06
0.001365646657,-0.005458856647,3.994537418,3.99998881,-3.729976365e-06,7.459942296e-06
0.001413760814,-0.005651045818,3.994344962,3.999988008,-3.997433285e-06,7.994854585e-06
0.001463570118,-0.005849996399,3.994145726,3.999987148,-4.284068099e-06,8.568122432e-06
0.001515134292,-0.006055945909,3.99393947,3.999986226,-4.591255944e-06,9.182496077e-06
0.001568515164,-0.006269140181,3.993725947,3.999985239,-4.920470562e-06,9.840922967e-06
0.001623776739,-0.006489833658,3.993504902,3.99998418,-5.27329137e-06,1.054656188e-05
0.001680985277,-0.006718289691,3.993276068,3.999983046,-5.651411029e-06,1.13027981e-05
0.001740209374,-0.006954780844,3.993039173,3.99998183,-6.056643575e-06,1.211325964e-05
0.001801520041,-0.00719958922,3.992793932,3.999980527,-6.490933115e-06,1.298183463e-05
0.001864990791,-0.00745300679,3.99254005,3.999979131,-6.956363156e-06,1.391269002e-05
0.001930697729,-0.007715335735,3.992277223,3.999977635,-7.455166598e-06,1.491029151e-05
0.001998719639,-0.007986888802,3.992005137,3.999976031,-7.989736449e-06,1.597942502e-05
0.002069138081,-0.008267989669,3.991723465,3.999974312,-8.562637302e-06,1.712521962e-05
0.00214203749,-0.008558973323,3.99143187,3.99997247,-9.176617641e-06,1.835317212e-05
0.002217505275,-0.008860186454,3.991130001,3.999970496,-9.834623022e-06,1.96691735e-05
0.002295631924,-0.009171987859,3.990817496,3.999968381,-1.05398102e-05,2.107953709e-05
0.002376511114,-0.009494748861,3.990493982,3.999966113,-1.12955623e-05,2.259102891e-05
0.002460239821,-0.009828853742,3.99015907,3.999963684,-1.2105505e-05,2.421090009e-05
0.002546918439,-0.01017470019,3.989812359,3.99996108,-1.297352395e-05,2.594692167e-05
0.002636650899,-0.01053269976,3.989453433,3.999958289,-1.390378343e-05,2.780742187e-05
0.002729544792,-0.01090327837,3.989081862,3.999955298,-1.490074628e-05,2.980132605e-05
0.002825711503,-0.01128687675,3.988697199,3.999952093,-1.596919536e-05,3.193819947e-05
0.002925266337,-0.01168395102,3.988298985,3.999948657,-1.711425645e-05,3.422829323e-05
0.003028328666,-0.01209497316,3.987886741,3.999944976,-1.834142286e-05,3.668259341e-05
0.003135022063,-0.01252043157,3.987459973,3.99994103,-1.965658177e-05,3.931287376e-05
0.003245474457,-0.01296083168,3.987018171,3.999936802,-2.106604249e-05,4.213175214e-05
0.003359818286,-0.01341669645,3.986560803,3.999932271,-2.257656669e-05,4.515275111e-05
0.003478190651,-0.01388856706,3.986087322,3.999927414,-2.419540088e-05,4.83903627e-05
0.003600733485,-0.01437700346,3.985597159,3.999922209,-2.593031111e-05,5.186011794e-05
0.00372759372,-0.01488258507,3.985089729,3.999916632,-2.778962029e-05,5.557866137e-05
0.003858923467,-0.0154059114,3.984564421,3.999910654,-2.978224803e-05,5.956383082e-05
0.003994880194,-0.01594760277,3.984020607,3.999904247,-3.191775349e-05,6.383474293e-05
0.004135626918,-0.016508301,3.983457634,3.999897381,-3.420638122e-05,6.841188489e-05
0.004281332399,-0.01708867015,3.982874827,3.999890023,-3.665911025e-05,7.331721258e-05
0.004432171342,-0.01768939728,3.982271489,3.999882138,-3.928770679e-05,7.857425593e-05
0.00458832461,-0.01831119322,3.981646895,3.999873687,-4.210478064e-05,8.420823167e-05
0.004749979435,-0.01895479338,3.981000297,3.99986463,-4.512384569e-05,9.024616425e-05
0.004917329646,-0.01962095861,3.980330919,3.999854923,-4.835938469e-05,9.67170154e-05
0.005090575902,-0.02031047602,3.97963796,3.999844521,-5.182691875e-05,0.000103651823
0.005269925932,-0.02102415987,3.978920589,3.999833372,-5.554308174e-05,0.0001110838497
0.005455594781,-0.02176285254,3.978177946,3.999821425,-5.952570006e-05,0.0001190487426
0.005647805074,-0.0225274254,3.97740914,3.999808621,-6.379387815e-05,0.0001275847041
0.005846787277,-0.02331877985,3.976613251,3.999794898,-6.836809005e-05,0.0001367326745
0.006052779976,-0.02413784828,3.975789324,3.999780192,-7.327027762e-05,0.0001465365288
0.006266030164,-0.02498559516,3.974936371,3.999764431,-7.852395571e-05,0.0001570432869
0.006486793535,-0.02586301804,3.974053372,3.999747541,-8.415432491e-05,0.0001683033384
0.006715334791,-0.02677114874,3.973139266,3.999729439,-9.018839238e-05,0.0001803706843
0.006951927962,-0.02771105441,3.97219296,3.99971004,-9.665510131e-05,0.000193303196
0.00719685673,-0.02868383877,3.971213319,3.999689249,-0.0001035854697,0.0002071628919
0.007450414774,-0.02969064327,3.970199168,3.999666968,-0.000111012739,0.0002220162351
0.007712906118,-0.0307326484,3.969149293,3.99964309,-0.0001189725334,0.0002379344509
0.007984645498,-0.0318110749,3.968062436,3.9996175,-0.0001275030308,0.0002549938688
0.008265958739,-0.03292718514,3.966937295,3.999590075,-0.0001366451454,0.0002732762869
0.008557183145,-0.03408228449,3.965772521,3.999560683,-0.0001464427243,0.0002928693644
0.008858667904,-0.0352777227,3.964566719,3.999529185,-0.0001569427569,0.0003138670405
0.009170774507,-0.03651489535,3.963318444,3.999495429,-0.0001681956008,0.0003363699842
0.009493877179,-0.03779524537,3.962026203,3.999459252,-0.0001802552225,0.000360486076
0.009828363333,-0.03912026454,3.960688445,3.999420482,-0.0001931794562,0.0003863309236
0.01017463403,-0.04049149511,3.95930357,3.999378932,-0.0002070302808,0.0004140284155
0.01053310445,-0.04191053139,3.957869919,3.999334404,-0.0002218741168,0.0004437113124
0.01090420443,-0.04337902144,3.956385775,3.999286684,-0.0002377821439,0.0004755218825
0.01128837892,-0.04489866879,3.954849361,3.999235543,-0.0002548306428,0.0005096125815
0.01168608855,-0.04647123421,3.953258837,3.999180736,-0.0002731013593,0.0005461467802
0.01209781021,-0.04809853751,3.9516123,3.999122001,-0.0002926818965,0.0005852995459
0.01252403755,-0.04978245945,3.949907778,3.999059055,-0.0003136661336,0.0006272584771
0.01296528163,-0.05152494359,3.948143232,3.998991597,-0.0003361546751,0.0006722245999
0.01342207153,-0.05332799833,3.946316549,3.998919304,-0.0003602553325,0.0007204133268
0.01389495494,-0.05519369887,3.944425545,3.99884183,-0.0003860836399,0.0007720554839
0.01438449888,-0.05712418932,3.942467956,3.998758803,-0.0004137634061,0.0008273984115
0.01489129032,-0.05912168483,3.940441442,3.998669825,-0.0004434273072,0.000886707143
0.01541593693,-0.06118847373,3.938343578,3.99857447,-0.0004752175206,0.0009502656667
0.01595906776,-0.0633269198,3.936171857,3.998472281,-0.0005092864042,0.001018378278
0.01652133406,-0.06553946454,3.933923681,3.99836277,-0.0005457972249,0.001091371028
0.01710341,-0.06782862953,3.931596364,3.998245411,-0.0005849249375,0.001169593271
0.01770599351,-0.07019701877,3.929187125,3.998119642,-0.0006268570213,0.001253419329
0.01832980711,-0.07264732121,3.926693086,3.997984861,-0.0006717943737,0.001343250265
0.01897559877,-0.07518231318,3.924111267,3.997840424,-0.0007199522696,0.001439515788
0.01964414281,-0.07780486099,3.921438586,3.997685638,-0.0007715613879,0.001542676292
0.02033624085,-0.08051792351,3.918671853,3.997519764,-0.000826868911,0.001653225034
0.02105272273,-0.08332455484,3.915807765,3.997342006,-0.0008861397031,0.001771690469
0.02179444754,-0.08622790705,3.912842908,3.997151516,-0.0009496575714,0.00189863875
0.02256230463,-0.08923123288,3.909773745,3.996947381,-0.001017726617,0.002034676402
0.02335721469,-0.09233788859,3.906596617,3.996728626,-0.001090672684,0.002180453184
0.02418013085,-0.09555133681,3.903307741,3.996494205,-0.001168844904,0.002336665147
0.0250320398,-0.09887514942,3.899903198,3.996242998,-0.001252617359,0.002504057917
0.02591396301,-0.1023130105,3.896378937,3.995973804,-0.001342390859,0.002683430191
0.02682695795,-0.1058687194,3.892730764,3.995685337,-0.001438594839,0.002875637491
0.02777211932,-0.1095461934,3.888954341,3.995376219,-0.001541689399,0.003081596168
0.02875058041,-0.1133494714,3.885045182,3.995044976,-0.001652167484,0.003302287693
0.02976351442,-0.1172827163,3.880998644,3.994690027,-0.001770557213,0.003538763232
0.03081213589,-0.1213502186,3.876809925,3.994309677,-0.00189742438,0.003792148549
0.03189770215,-0.1255563992,3.872474057,3.993902114,-0.002033375127,0.004063649236
0.03302151485,-0.1299058127,3.867985903,3.993465396,-0.0021790588,0.004354556306
0.03418492146,-0.1344031506,3.86334015,3.992997441,-0.002335171012,0.004666252169
0.03538931695,-0.1390532441,3.858531302,3.992496022,-0.002502456917,0.005000217007
0.03663614544,-0.1438610677,3.853553677,3.991958752,-0.002681714709,0.00535803559
0.03792690191,-0.1488317418,3.8484014,3.991383076,-0.002873799373,0.00574140454
0.03926313402,-0.1539705361,3.843068395,3.990766258,-0.003079626685,0.006152140093
0.04064644396,-0.1592828728,3.837548383,3.990105368,-0.0033001775,0.006592186373
0.04207849036,-0.164774329,3.831834871,3.989397268,-0.003536502329,0.007063624215
0.04356099031,-0.1704506403,3.825921149,3.988638602,-0.003789726234,0.007568680573
0.04509572136,-0.1763177032,3.819800282,3.987825772,-0.00406105406,0.008109738536
0.04668452371,-0.182381578,3.813465103,3.986954932,-0.004351776023,0.008689348009
0.04832930239,-0.1886484916,3.806908207,3.98602196,-0.004663273681,0.009310237069
0.05003202954,-0.1951248397,3.800121945,3.985022449,-0.004997026311,0.009975324054
0.05179474679,-0.2018171897,3.793098416,3.983951681,-0.005354617716,0.01068773042
0.05361956771,-0.2087322824,3.785829458,3.982804606,-0.005737743495,0.01145079441
0.0555086803,-0.2158770345,3.778306646,3.981575824,-0.006148218792,0.01226808553
0.05746434969,-0.2232585399,3.77052128,3.980259555,-0.006587986576,0.01314342
0.05948892078,-0.2308840719,3.76246438,3.97884962,-0.007059126456,0.01408087703
0.06158482111,-0.2387610842,3.754126682,3.977339407,-0.007563864085,0.01508481615
0.06375456372,-0.2468972119,3.745498624,3.975721847,-0.008104581187,0.01615989552
0.06600075023,-0.2553002723,3.736570346,3.973989381,-0.008683826219,0.01731109129
0.06832607387,-0.2639782654,3.727331679,3.972133932,-0.009304325742,0.01854371807
0.0707333228,-0.2729393735,3.717772142,3.970146862,-0.009968996503,0.01986345051
0.07322538338,-0.2821919611,3.707880932,3.968018945,-0.0106809583,0.02127634605
0.07580524368,-0.2917445735,3.697646921,3.965740322,-0.01144354763,0.02278886886
0.07847599704,-0.3016059356,3.687058646,3.963300463,-0.01226033224,0.024407915
0.08124084578,-0.3117849499,3.676104311,3.960688122,-0.0131351265,0.02614083875
0.08410310505,-0.3222906933,3.664771775,3.957891297,-0.01407200773,0.02799548027
0.08706620681,-0.3331324142,3.653048551,3.954897173,-0.01507533359,0.02998019439
0.0901337039,-0.3443195281,3.640921804,3.951692082,-0.01614976033,0.0321038807
0.09330927435,-0.3558616127,3.628378345,3.948261442,-0.01730026226,0.03437601472
0.0965967258,-0.3677684018,3.615404629,3.944589707,-0.0185321522,0.03680668032
0.1,-0.3800497789,3.601986758,3.940660307,-0.01985110315,0.03940660307
0.1035231776,-0.3927157693,3.588110478,3.936455587,-0.02126317109,0.04218718466
0.107170483,-0.4057765309,3.573761181,3.931956748,-0.02277481899,0.04516053808
0.1109462894,-0.4192423443,3.558923911,3.927143777,-0.02439294209,0.04833952354
0.1148551242,-0.4331236016,3.543583362,3.921995383,-0.02612489436,0.05173778478
0.1189016742,-0.4474307933,3.527723892,3.916488924,-0.02797851629,0.05536978569
0.1230907914,-0.4621744944,3.511329528,3.910600342,-0.0299621639,0.05925084682
0.1274274986,-0.4773653485,3.494383979,3.904304082,-0.03208473906,0.06339718151
0.1319169956,-0.4930140509,3.476870646,3.897573023,-0.034355721,0.06782593111
0.1365646657,-0.5091313286,3.458772643,3.890378402,-0.03678519901,0.07255519893
0.1413760814,-0.5257279205,3.440072814,3.882689735,-0.03938390636,0.07760408224
0.1463570118,-0.5428145534,3.420753758,3.874474747,-0.04216325519,0.08299270163
0.1515134292,-0.5604019178,3.400797856,3.865699294,-0.04513537243,0.08874222708
0.1568515164,-0.5785006406,3.380187301,3.856327291,-0.0483131365,0.09487489963
0.1623776739,-0.5971212554,3.358904137,3.846320643,-0.05171021472,0.1014140478
0.1680985277,-0.6162741713,3.336930297,3.835639181,-0.05534110116,0.1083840976
0.1740209374,-0.6359696382,3.314247654,3.824240599,-0.05922115468,0.1158105743
0.1801520041,-0.6562177106,3.290838072,3.812080404,-0.06336663691,0.1237200958
0.1864990791,-0.6770282077,3.266683465,3.799111868,-0.06779474979,0.1321403538
0.1930697729,-0.6984106717,3.241765866,3.785285999,-0.07252367228,0.1411000832
0.1998719639,-0.7203743228,3.2160675,3.770551518,-0.07757259569,0.1506290158
0.2069138081,-0.7429280118,3.189570868,3.754854855,-0.0829617572,0.1607578174
0.214203749,-0.7660801694,3.162258839,3.738140162,-0.0887124708,0.171518005
0.2217505275,-0.7898387534,3.134114746,3.720349351,-0.09484715504,0.1829418416
0.2295631924,-0.814211192,3.105122506,3.701422152,-0.1013893566,0.1950622059
0.2376511114,-0.839204326,3.075266733,3.681296204,-0.1083637692,0.2079124338
0.2460239821,-0.8648243464,3.044532872,3.659907176,-0.1157962457,0.2215261287
0.2546918439,-0.8910767315,3.012907345,3.637188927,-0.1237138043,0.2359369361
0.2636650899,-0.9179661802,2.980377704,3.613073708,-0.1321446249,0.2511782814
0.2729544792,-0.9454965438,2.946932797,3.587492412,-0.1411180369,0.2672830647
0.2825711503,-0.9736707564,2.912562946,3.560374868,-0.1506644945,0.2842833116
0.2925266337,-1.002490763,2.877260139,3.531650205,-0.1608155402,0.3022097761
0.3028328666,-1.031957448,2.841018232,3.501247263,-0.171603753,0.3210914914
0.3135022063,-1.062070562,2.80383316,3.469095085,-0.18306268,0.3409552693
0.3245474457,-1.092828647,2.765703162,3.435123468,-0.1952267505,0.361825143
0.3359818286,-1.124228971,2.726629014,3.399263598,-0.208131169,0.3837217553
0.3478190651,-1.15626745,2.68661427,3.361448758,-0.2218117864,0.4066616909
0.3600733485,-1.188938585,2.645665506,3.321615122,-0.2363049476,0.4306567553
0.372759372,-1.222235398,2.603792576,3.279702629,-0.2516473121,0.4557132027
0.3858923467,-1.256149368,2.561008862,3.235655938,-0.2678756482,0.4818309196
0.3994880194,-1.290670383,2.517331523,3.189425463,-0.285026598,0.5090025709
0.4135626918,-1.325786687,2.472781747,3.140968486,-0.3031364117,0.5372127183
0.4281332399,-1.361484847,2.42738498,3.090250333,-0.3222406517,0.5664369253
0.4432171342,-1.397749719,2.38117115,3.03724561,-0.3423738657,0.5966408652
0.458832461,-1.434564429,2.334174871,2.981939482,-0.3635692289,0.627779451
0.4749979435,-1.471910374,2.286435618,2.924328973,-0.3858581574,0.6597960112
0.4917329646,-1.509767221,2.23799787,2.86442428,-0.409269893,0.6926215388
0.5090575902,-1.548112937,2.188911221,2.802250056,-0.4338310653,0.7261740431
0.5269925932,-1.586923827,2.139230435,2.737846647,-0.4595652327,0.7603580377
0.5455594781,-1.626174592,2.089015459,2.67127124,-0.4864924083,0.7950642007
0.5647805074,-1.665838405,2.038331372,2.602598899,-0.514628578,0.830169245
0.5846787277,-1.705887008,1.987248269,2.531923424,-0.5439852187,0.865536034
0.6052779976,-1.74629083,1.935841069,2.459358026,-0.5745688244,0.9010139834
0.6266030164,-1.787019123,1.884189255,2.385035741,-0.6063804519,0.9364397792
0.6486793535,-1.828040118,1.832376526,2.309109563,-0.6394152979,0.971638445
0.6715334791,-1.869321208,1.780490365,2.231752256,-0.6736623186,1.006424779
0.6951927962,-1.910829137,1.728621524,2.153155794,-0.7091039064,1.040605174
0.719685673,-1.952530218,1.676863425,2.073530422,-0.7457156358,1.073979832
0.7450414774,-1.994390559,1.625311481,1.993103303,-0.7834660924,1.106345341
0.7712906118,-2.036376306,1.574062343,1.912116748,-0.8223167985,1.137497618
0.7984645498,-2.078453889,1.523213078,1.830826031,-0.8622222444,1.167235148
0.8265958739,-2.120590281,1.472860296,1.749496808,-0.9031300374,1.195362481
0.8557183145,-2.162753254,1.423099235,1.668402171,-0.944981175,1.221693886
0.8858667904,-2.204911634,1.374022823,1.587819391,-0.9877104461,1.246057098
0.9170774507,-2.247035546,1.325720727,1.508026396,-1.031246961,1.268297024
0.9493877179,-2.289096651,1.278278429,1.429298087,-1.07551481,1.288279305
0.9828363333,-2.331068364,1.231776324,1.35190256,-1.120433837,1.305893609
1.017463403,-2.372926045,1.186288879,1.276097344,-1.165920525,1.32105652
1.053310445,-2.414647178,1.141883871,1.202125749,-1.211888969,1.333713913
1.090420443,-2.456211504,1.098621719,1.130213437,-1.258251923,1.343842699
1.128837892,-2.497601133,1.056554928,1.060565315,-1.304921896,1.351451851
1.168608855,-2.538800613,1.015727669,0.9933628368,-1.351812265,1.356582637
1.209781021,-2.579796971,0.97617549,0.9287618032,-1.398838391,1.359308022
1.252403755,-2.620579707,0.9379251825,0.8668907154,-1.445918687,1.359731233
1.296528163,-2.661140757,0.9009947906,0.8078497321,-1.492975636,1.357983506
1.342207153,-2.701474419,0.8653937736,0.7517102488,-1.539936706,1.354221078
1.389495494,-2.741577247,0.8311233078,0.6985151,-1.586735156,1.348621517
1.438449888,-2.781447914,0.7981767192,0.6482793599,-1.633310701,1.341379511
1.489129032,-2.821087047,0.7665400326,0.6009916982,-1.67961003,1.332702261
1.541593693,-2.860497049,0.7361926184,0.5566162259,-1.725587152,1.322804647
1.595906776,-2.899681896,0.7071079174,0.5150947544,-1.771203579,1.311904328
1.652133406,-2.938646925,0.6792542203,0.476349377,-1.816428337,1.300216961
1.710341,-2.977398629,0.652595481,0.4402852777,-1.861237821,1.287951702
1.770599351,-3.015944429,0.6270921392,0.4067936681,-1.905615495,1.275307124
1.832980711,-3.05429248,0.6027019322,0.3757547583,-1.949551463,1.262467708
1.897559877,-3.092451457,0.5793806759,0.3470406719,-1.993041933,1.249600968
1.964414281,-3.130430382,0.5570829981,0.3205182269,-2.036088585,1.236855307
2.033624085,-3.168238447,0.5357630106,0.2960515156,-2.078697886,1.224358617
2.105272273,-3.205884868,0.5153749079,0.2735042314,-2.120880365,1.212217616
2.179444754,-3.243378753,0.4958734886,0.2527417051,-2.16264988,1.200517901
2.256230463,-3.280728996,0.4772145915,0.2336326295,-2.204022898,1.189324634
2.335721469,-3.317944188,0.45935545,0.216050463,-2.245017802,1.178683778
2.418013085,-3.355032551,0.4422549646,0.1998745178,-2.28565426,1.168623788
2.50320398,-3.39200189,0.4258738987,0.1849907487,-2.325952652,1.159157612
2.591396301,-3.428859561,0.4101750063,0.1712922663,-2.365933567,1.150284915
2.682695795,-3.465612457,0.3951230968,0.1586796059,-2.405617387,1.141994389
2.777211932,-3.502267005,0.3806850486,0.1470607875,-2.445023945,1.134266048
2.875058041,-3.538829171,0.3668297789,0.1363512026,-2.484172266,1.127073415
2.976351442,-3.575304482,0.3535281806,0.1264733652,-2.523080372,1.120385541
3.081213589,-3.61169804,0.3407530331,0.117356561,-2.561765164,1.114168776
3.189770215,-3.648014553,0.3284788968,0.1089364281,-2.600242352,1.108388288
3.302151485,-3.684258366,0.3166819969,0.1011544948,-2.638526439,1.10300929
3.418492146,-3.720433482,0.3053401029,0.09395769969,-2.676630738,1.097997999
3.538931695,-3.756543599,0.2944324076,0.08729791202,-2.71456742,1.093322328
3.663614544,-3.792592136,0.2839394111,0.08113146686,-2.75234758,1.088952351
3.792690191,-3.828582257,0.2738428094,0.07541872507,-2.78998132,1.084860566
3.926313402,-3.8645169,0.2641253922,0.07012366485,-2.827477833,1.081021995
4.064644396,-3.900398795,0.2547709479,0.06521350842,-2.86484549,1.077414158
4.207849036,-3.936230489,0.245764179,0.06065838481,-2.902091926,1.074016968
4.356099031,-3.97201436,0.2370906249,0.05643102836,-2.939224119,1.070812552
4.509572136,-4.007752634,0.2287365938,0.05250651086,-2.976248464,1.067785051
4.668452371,-4.043447399,0.220689102,0.04886200483,-3.013170838,1.064920401
4.832930239,-4.07910062,0.2129358194,0.04547657469,-3.04999666,1.062206119
5.003202954,-4.114714146,0.2054650221,0.04233099291,-3.08673094,1.059631099
5.179474679,-4.150289721,0.1982655497,0.03940757777,-3.123378326,1.057185432
5.361956771,-4.185828992,0.1913267667,0.0366900501,-3.15994314,1.054860236
5.55086803,-4.221333518,0.1846385287,0.03416340636,-3.196429412,1.052647519
5.746434969,-4.256804777,0.1781911518,0.03181380572,-3.23284091,1.050540058
5.948892078,-4.292244166,0.1719753845,0.02962846941,-3.269181164,1.048531295
6.158482111,-4.327653016,0.1659823821,0.0275955904,-3.305453485,1.04661525
6.375456372,-4.363032588,0.1602036844,0.02570425235,-3.341660988,1.044786453
6.600075023,-4.398384084,0.1546311935,0.0239443564,-3.377806606,1.043039877
6.832607387,-4.433708644,0.149257155,0.02230655496,-3.413893104,1.041370894
7.07333228,-4.469007357,0.1440741397,0.02078219163,-3.449923094,1.039775225
7.322538338,-4.504281259,0.1390750266,0.01936324654,-3.485899045,1.038248909
7.580524368,-4.539531339,0.1342529877,0.0180422866,-3.521823294,1.036788266
7.847599704,-4.574758539,0.1296014734,0.01681241993,-3.557698055,1.035389873
8.124084578,-4.609963761,0.1251141989,0.01566725434,-3.593525428,1.03405054
8.410310505,-4.645147865,0.1207851315,0.01460085919,-3.629307405,1.032767286
8.706620681,-4.680311671,0.1166084787,0.01360773048,-3.665045879,1.031537325
9.01337039,-4.715455967,0.1125786773,0.0126827587,-3.70074265,1.030358044
9.330927435,-4.750581503,0.1086903826,0.01182119943,-3.73639943,1.029226995
9.65967258,-4.785688999,0.1049384585,0.01101864614,-3.772017849,1.028141876
10,-4.820779144,0.1013179684,0.01027100524,-3.807599459,1.027100524
10.35231776,-4.855852596,0.09782416646,0.009574473056,-3.84314574,1.026100902
10.7170483,-4.890909987,0.09445248879,0.008925514599,-3.878658103,1.025141088
11.09462894,-4.925951924,0.09119854606,0.008320843985,-3.914137895,1.024219271
11.48551242,-4.960978986,0.08805811583,0.007757406347,-3.949586402,1.023333739
11.89016742,-4.995991729,0.08502713553,0.007232361122,-3.985004852,1.022482875
12.30907914,-5.030990688,0.08210169569,0.006743066612,-4.020394419,1.021665146
12.74274986,-5.065976375,0.0792780336,0.006287065698,-4.055756224,1.020879104
13.19169956,-5.100949281,0.07655252727,0.00586207263,-4.09109134,1.020123374
13.65646657,-5.135909878,0.07392168958,0.00546596079,-4.126400795,1.019396654
14.13760814,-5.170858619,0.07138216289,0.005096751371,-4.161685572,1.018697706
14.63570118,-5.205795939,0.06893071375,0.004752602886,-4.19694661,1.018025356
15.15134292,-5.240722257,0.0665642279,0.004431801442,-4.232184813,1.017378487
15.68515164,-5.275637973,0.06427970558,0.004132751733,-4.267401044,1.016756038
16.23776739,-5.310543475,0.06207425695,0.003853968681,-4.30259613,1.016156999
16.80985277,-5.345439133,0.05994509775,0.003594069691,-4.337770866,1.015580407
17.40209374,-5.380325304,0.05788954521,0.003351767454,-4.372926012,1.015025346
18.01520041,-5.415202331,0.05590501406,0.003125863281,-4.408062299,1.014490944
18.64990791,-5.450070544,0.05398901274,0.002915240905,-4.443180428,1.013976366
19.30697729,-5.484930259,0.05213913983,0.002718860734,-4.478281071,1.01348082
19.98719639,-5.519781784,0.05035308055,0.002535754507,-4.513364874,1.013003546
20.69138081,-5.55462541,0.04862860348,0.002365020338,-4.548432457,1.01254382
21.4203749,-5.589461422,0.04696355737,0.002205818107,-4.583484416,1.01210095
22.17505275,-5.62429009,0.0453558681,0.002057365174,-4.618521323,1.011674276
22.95631924,-5.659111678,0.04380353578,0.001918932408,-4.653543727,1.011263166
23.76511114,-5.693926437,0.04230463196,0.001789840479,-4.688552157,1.010867014
24.60239821,-5.728734609,0.04085729694,0.001669456425,-4.72354712,1.010485242
25.46918439,-5.76353643,0.03945973725,0.001557190454,-4.758529106,1.010117297
26.36650899,-5.798332123,0.03811022311,0.001452492969,-4.793498583,1.009762649
27.29544792,-5.833121906,0.03680708615,0.001354851804,-4.828456003,1.00942079
28.25711503,-5.867905988,0.03554871707,0.001263789649,-4.863401801,1.009091233
29.25266337,-5.90268457,0.03433356353,0.001178861661,-4.898336393,1.008773513
30.28328666,-5.937457845,0.033160128,0.001099653233,-4.933260183,1.008467184
31.35022063,-5.972226001,0.0320269658,0.001025777926,-4.968173557,1.008171815
32.45474457,-6.006989218,0.03093268312,0.0009568755369,-5.003076888,1.007886998
33.59818286,-6.041747669,0.02987593522,0.0008926103072,-5.037970534,1.007612337
34.78190651,-6.076501521,0.02885542461,0.0008326692499,-5.07285484,1.007347455
36.00733485,-6.111250936,0.02786989934,0.0007767605958,-5.107730139,1.007091988
37.2759372,-6.145996069,0.02691815137,0.0007246123451,-5.142596749,1.006845589
38.58923467,-6.18073707,0.02599901496,0.0006759709196,-5.17745498,1.006607921
39.94880194,-6.215474083,0.02511136518,0.0006305999073,-5.212305129,1.006378665
41.35626918,-6.250207247,0.02425411641,0.0005882788936,-5.24714748,1.006157511
42.81332399,-6.284936697,0.02342622094,0.0005488023728,-5.28198231,1.005944163
44.32171342,-6.319662563,0.02262666763,0.0005119787336,-5.316809884,1.005738336
45.8832461,-6.354384968,0.02185448057,0.0004776293158,-5.351630457,1.005539755
47.49979435,-6.389104033,0.02110871786,0.0004455875295,-5.386444276,1.005348158
49.17329646,-6.423819875,0.02038847036,0.0004156980362,-5.421251578,1.005163291
50.90575902,-6.458532606,0.01969286056,0.0003878159854,-5.456052592,1.00498491
52.69925932,-6.493242333,0.01902104143,0.000361806303,-5.490847538,1.004812782
54.55594781,-6.52794916,0.01837219536,0.0003375430289,-5.525636629,1.004646681
56.47805074,-6.562653189,0.01774553311,0.0003149086994,-5.56042007,1.00448639
58.46787277,-6.597354517,0.01714029279,0.0002937937716,-5.595198059,1.004331701
60.52779976,-6.632053236,0.01655573892,0.0002740960875,-5.629970785,1.004182413
62.66030164,-6.666749437,0.01599116151,0.0002557203742,-5.664738433,1.004038332
64.86793535,-6.701443207,0.0154458751,0.0002385777782,-5.69950118,1.003899274
67.15334791,-6.736134631,0.01491921796,0.0002225854312,-5.734259196,1.003765059
69.51927962,-6.770823788,0.01441055125,0.0002076660461,-5.769012646,1.003635514
71.9685673,-6.805510758,0.01391925818,0.0001937475391,-5.803761689,1.003510473
74.50414774,-6.840195617,0.01344474326,0.0001807626792,-5.838506478,1.003389777
77.12906118,-6.874878436,0.01298643156,0.0001686487599,-5.873247162,1.003273272
79.84645498,-6.909559286,0.01254376798,0.0001573472941,-5.907983881,1.003160809
82.65958739,-6.944238235,0.01211621656,0.0001468037294,-5.942716774,1.003052246
85.57183145,-6.978915349,0.0117032598,0.0001369671825,-5.977445974,1.002947445
88.58667904,-7.013590691,0.01130439806,0.000127790192,-6.012171608,1.002846272
91.70774507,-7.048264321,0.01091914887,0.0001192284876,-6.0468938,1.002748602
94.93877179,-7.082936299,0.01054704639,0.0001112407753,-6.081612669,1.00265431
98.28363333,-7.117606681,0.01018764079,0.0001037885362,-6.11632833,1.002563278
101.7463403,-7.152275523,0.009840497721,9.683584042e-05,-6.151040894,1.002475391
105.3310445,-7.186942877,0.009505197775,9.034917199e-05,-6.185750467,1.002390539
109.0420443,-7.221608795,0.009181335949,8.429726678e-05,-6.220457153,1.002308615
112.8837892,-7.256273325,0.008868521157,7.865096073e-05,-6.255161052,1.002229519
116.8608855,-7.290936515,0.008566375745,7.338304856e-05,-6.28986226,1.002153149
120.9781021,-7.325598412,0.008274535027,6.846815195e-05,-6.324560869,1.002079412
125.2403755,-7.36025906,0.007992646834,6.388259665e-05,-6.35925697,1.002008216
129.6528163,-7.394918501,0.007720371084,5.960429783e-05,-6.393950647,1.001939471
134.2207153,-7.429576778,0.007457379358,5.561265323e-05,-6.428641986,1.001873093
138.9495494,-7.464233929,0.007203354503,5.188844345e-05,-6.463331066,1.001808999
143.8449888,-7.498889993,0.006957990238,4.841373899e-05,-6.498017965,1.00174711
148.9129032,-7.533545009,0.006720990783,4.517181357e-05,-6.532702759,1.001687349
154.1593693,-7.568199011,0.006492070493,4.214706322e-05,-6.567385519,1.001629642
159.5906776,-7.602852035,0.006270953508,3.932493097e-05,-6.602066315,1.001573918
165.2133406,-7.637504113,0.00605737342,3.669183634e-05,-6.636745215,1.001520108
171.0341,-7.672155279,0.005851072942,3.423510991e-05,-6.671422284,1.001468146
177.0599351,-7.706805563,0.005651803596,3.194293206e-05,-6.706097585,1.001417967
183.2980711,-7.741454996,0.005459325413,2.980427588e-05,-6.740771179,1.001369511
189.7559877,-7.776103607,0.005273406632,2.780885399e-05,-6.775443124,1.001322717
196.4414281,-7.810751424,0.005093823425,2.594706885e-05,-6.810113476,1.001277529
203.3624085,-7.845398474,0.004920359622,2.420996646e-05,-6.844782291,1.00123389
210.5272273,-7.880044783,0.004752806446,2.258919317e-05,-6.87944962,1.001191746
217.9444754,-7.914690377,0.004590962259,2.107695541e-05,-6.914115516,1.001151047
225.6230463,-7.94933528,0.004434632321,1.966598206e-05,-6.948780027,1.001111743
233.5721469,-7.983979516,0.004283628546,1.834948939e-05,-6.9834432,1.001073785
241.8013085,-8.018623107,0.004137769279,1.712114842e-05,-7.018105082,1.001037127
250.320398,-8.053266076,0.003996879075,1.597505436e-05,-7.052765716,1.001001725
259.1396301,-8.087908444,0.003860788481,1.490569815e-05,-7.087425145,1.000967534
268.2695795,-8.122550231,0.003729333836,1.390793997e-05,-7.122083411,1.000934514
277.7211932,-8.157191458,0.003602357071,1.29769844e-05,-7.156740553,1.000902624
287.5058041,-8.191832143,0.003479705515,1.210835737e-05,-7.191396611,1.000871824
297.6351442,-8.226472304,0.00336123171,1.129788462e-05,-7.22605162,1.000842079
308.1213589,-8.261111961,0.003246793237,1.054167156e-05,-7.260705616,1.00081335
318.9770215,-8.295751129,0.003136252538,9.836084535e-06,-7.295358635,1.000785604
330.2151485,-8.330389826,0.003029476752,9.177733356e-06,-7.33001071,1.000758807
341.8492146,-8.365028068,0.002926337553,8.56345493e-06,-7.364661873,1.000732926
353.8931695,-8.39966587,0.002826710997,7.990298064e-06,-7.399312156,1.00070793
366.3614544,-8.434303247,0.002730477368,7.455509271e-06,-7.433961587,1.000683787
379.2690191,-8.468940214,0.002637521038,6.956519499e-06,-7.468610197,1.00066047
392.6313402,-8.503576785,0.002547730323,6.490931772e-06,-7.503258014,1.000637948
406.4644396,-8.538212973,0.002460997351,6.056509684e-06,-7.537905064,1.000616197
420.7849036,-8.572848792,0.00237721793,5.65116659e-06,-7.572551374,1.00059519
435.6099031,-8.607484253,0.002296291422,5.272955602e-06,-7.607196969,1.000574898
450.9572136,-8.64211937,0.002218120624,4.920060244e-06,-7.641841874,1.000555301
466.8452371,-8.676754153,0.002142611646,4.59078566e-06,-7.676486111,1.000536372
483.2930239,-8.711388615,0.002069673802,4.28355051e-06,-7.711129705,1.000518089
500.3202954,-8.746022766,0.001999219499,3.99687935e-06,-7.745772676,1.00050043
517.9474679,-8.780656617,0.001931164129,3.72939555e-06,-7.780415046,1.000483376
536.1956771,-8.815290178,0.001865425971,3.479814628e-06,-7.815056836,1.000466903
555.086803,-8.849923459,0.001801926091,3.246938136e-06,-7.849698066,1.000450991
574.6434969,-8.884556469,0.001740588245,3.029647871e-06,-7.884338753,1.000435622
594.8892078,-8.919189218,0.001681338789,2.826900498e-06,-7.918978918,1.000420777
615.8482111,-8.953821715,0.001624106588,2.637722533e-06,-7.953618578,1.000406438
637.5456372,-8.988453968,0.001568822936,2.461205686e-06,-7.98825775,1.00039259
660.0075023,-9.023085985,0.001515421464,2.296502465e-06,-8.02289645,1.000379216
683.2607387,-9.057717776,0.001463838069,2.142822106e-06,-8.057534695,1.000366294
707.333228,-9.092349346,0.001414010831,1.999426816e-06,-8.092172501,1.000353815
732.2538338,-9.126980704,0.00136587994,1.865628171e-06,-8.126809882,1.00034176
758.0524368,-9.161611857,0.001319387626,1.740783855e-06,-8.161446852,1.000330122
784.7599704,-9.196242813,0.001274478087,1.624294516e-06,-8.196083427,1.000318872
812.4084578,-9.230873577,0.001231097422,1.515600972e-06,-8.230719618,1.000308012
841.0310505,-9.265504156,0.001189193568,1.414181439e-06,-8.26535544,1.000297522
870.6620681,-9.300134557,0.001148716233,1.319549068e-06,-8.299990905,1.000287387
901.337039,-9.334764785,0.001109616843,1.231249609e-06,-8.334626026,1.000277596
933.0927435,-9.369394847,0.001071848476,1.148859217e-06,-8.369260812,1.000268141
965.967258,-9.404024749,0.001035365808,1.071982405e-06,-8.403895278,1.000259003
1000,-9.438654495,0.001000125063,1.000250188e-06,-8.438529432,1.000250188
